링크,답
image/1.PNG,유희열
image/2.PNG,트럼프
image/3.PNG,강다니엘
image/4.PNG,엘사
image/5.PNG,유노윤호
image/6.PNG,규현
image/7.PNG,스티브잡스
image/8.PNG,강호동
image/9.PNG,이수근
image/10.PNG,둘리
image/11.PNG,스티븐스필버그
image/12.PNG,정해인
image/13.PNG,앵그리버드
image/14.PNG,스누피
image/15.PNG,오혁
image/16.PNG,베토벤
image/17.PNG,송민호
image/18.PNG,피오
image/19.PNG,세일러문
image/20.PNG,방탄소년단
image/21.PNG,아이유
image/22.PNG,송혜교
image/23.PNG,아인슈타인
image/24.PNG,피카츄
image/25.PNG,바흐
image/26.PNG,박명수
image/27.PNG,박보검
image/28.PNG,송중기
image/29.PNG,안재현
image/30.PNG,서현진
